{
  "split": "val",
  "step": 0.05,
  "best_overall": {
    "f1": 0.7571,
    "weights": {
      "swin": 0.45,
      "cnn": 0.1,
      "rf": 0.45000000000000007
    }
  },
  "best_spontaneous": {
    "f1": 0.7115,
    "weights": {
      "swin": 0.35000000000000003,
      "cnn": 0.15000000000000002,
      "rf": 0
    }
  },
  "best_fixed": {
    "f1": 0.7818,
    "weights": {
      "swin": 0.05,
      "cnn": 0,
      "rf": 0.04999999999999993
    }
  }
}